{
  "media": {
    "type": "audio",
    "title": "the Daily"
  },
  "data": [
    {
      "time": 0.0,
      "sizeInBytes": 327536,
      "size": 0.001389407712
    },
    {
      "time": 0.061,
      "sizeInBytes": 917261,
      "size": 0.0038910211620000004
    },
    {
      "time": 0.285,
      "sizeInBytes": 65536,
      "size": 0.000278003712
    }
  ]
}